"term","estimate","beta_std","conf.low","conf.high","std.error","statistic","p.value","outcome","r2_adj","f2"
"edad",-0.0864839408706387,-0.224147631673187,-0.178509393973019,0.00554151223174129,0.0462597871880517,-1.86952742603572,0.0651188828232258,"hvlt_total",0.234919491607698,0.386750280680359
"educacion",0.375881790973617,0.33778911746299,0.0927496068035202,0.659013975143713,0.1423262167612,2.64098772191975,0.00989566104174432,"hvlt_total",0.234919491607698,0.386750280680359
"generoFemale",-0.869499255564855,-0.0923290410573556,-2.70046590421234,0.961467393082634,0.920398918553791,-0.94469825858888,0.347588271791908,"hvlt_total",0.234919491607698,0.386750280680359
"dom_L1L2",-0.119975869439788,-0.0316351593313405,-0.96706583851933,0.727114099639753,0.425819166086122,-0.281753098486702,0.778842675317114,"hvlt_total",0.234919491607698,0.386750280680359
"acculturation_mean",-0.13179883287746,-0.0173038609545551,-2.01362359408236,1.75002592832744,0.945964513553627,-0.139327459951264,0.889533021601612,"hvlt_total",0.234919491607698,0.386750280680359
"edad",-0.000119274244372825,-0.000610706734276319,-0.046093200347311,0.0458546518585654,0.0231103892023775,-0.00516106601789963,0.995894618805438,"hvlt_tardia",0.254772111068569,0.423692840155797
"educacion",0.207199464390955,0.367849649473817,0.0657527485794263,0.348646180202484,0.0711030997544845,2.91407076634359,0.00459689124039679,"hvlt_tardia",0.254772111068569,0.423692840155797
"generoFemale",0.259294968338951,0.0543939442116876,-0.655416370362266,1.17400630704017,0.459811393916646,0.563915926767913,0.574350439918706,"hvlt_tardia",0.254772111068569,0.423692840155797
"dom_L1L2",-0.453100313201855,-0.236024906597154,-0.876288141439735,-0.0299124849639745,0.212730046034969,-2.12993096954144,0.0361749779449759,"hvlt_tardia",0.254772111068569,0.423692840155797
"acculturation_mean",0.196185136666524,0.0508844289905444,-0.743933815141995,1.13630408847504,0.472583412262402,0.415133353342484,0.679128488331161,"hvlt_tardia",0.254772111068569,0.423692840155797
"edad",0.00669558227840127,0.0548372286033763,-0.0253437607815333,0.0387349253383358,0.0161056875204804,0.41572781477891,0.678695130431393,"hvlt_recon",0.0739480700103445,0.145697746958909
"educacion",0.0885724733283377,0.251525257370905,-0.0100020935346173,0.187147040191293,0.0495519264671433,1.78746780686858,0.0775566688045463,"hvlt_recon",0.0739480700103445,0.145697746958909
"generoFemale",-0.0699218448271742,-0.0234622929011337,-0.707386444127238,0.56754275447289,0.32044370018728,-0.218203212565293,0.827812899753072,"hvlt_recon",0.0739480700103445,0.145697746958909
"dom_L1L2",-0.0945499711129612,-0.0787818154112628,-0.389470617597307,0.200370675371385,0.148252096390663,-0.637764816922454,0.525403717692889,"hvlt_recon",0.0739480700103445,0.145697746958909
"acculturation_mean",0.302782386701194,0.125617609263314,-0.352388841152982,0.95795361455537,0.329344551431336,0.919348400892918,0.360609903306465,"hvlt_recon",0.0739480700103445,0.145697746958909
"edad",-0.00816487966426513,-0.0114763069324679,-0.15862418393862,0.142294424610089,0.0756335900726357,-0.107953088785338,0.914296613300299,"rey_memoria",0.398498556608667,0.763878742791034
"educacion",1.13550642050301,0.553398074467815,0.672592411261258,1.59842042974475,0.232699789373134,4.87970540739175,5.14987275411663e-06,"rey_memoria",0.398498556608667,0.763878742791034
"generoFemale",-2.59462513751922,-0.149416106365865,-5.58820961678894,0.398959341750495,1.50482911272827,-1.72419919017591,0.0884399665984076,"rey_memoria",0.398498556608667,0.763878742791034
"dom_L1L2",-0.0250559195933607,-0.00358294507058161,-1.41002674134742,1.35991490216069,0.696203640581116,-0.0359893544544621,0.971378315128399,"rey_memoria",0.398498556608667,0.763878742791034
"acculturation_mean",1.25716215987086,0.0895110055233511,-1.81957405594702,4.33389837568875,1.54662821838175,0.812840568230576,0.418663214888114,"rey_memoria",0.398498556608667,0.763878742791034
"edad",-0.0814556302624447,-0.115623996935775,-0.23678186961571,0.0738706090908201,0.0780801238675628,-1.04323131454821,0.299907046559609,"rey_copia",0.346211560605542,0.622811823865802
"educacion",0.653391446466489,0.321585158679654,0.175503471733119,1.13127942119986,0.240226972708304,2.71989210495472,0.00797016208770472,"rey_copia",0.346211560605542,0.622811823865802
"generoFemale",-1.91145201446438,-0.111163112113099,-5.00187052725635,1.1789664983276,1.55350609971705,-1.23041165709779,0.2220610098866,"rey_copia",0.346211560605542,0.622811823865802
"dom_L1L2",-1.25985241303011,-0.181938235672935,-2.68962314335858,0.169918317298367,0.718723869135614,-1.75290186834242,0.0833563262119955,"rey_copia",0.346211560605542,0.622811823865802
"acculturation_mean",1.6596182517337,0.119335000983615,-1.5166417222827,4.8358782257501,1.59665728880965,1.03943298500268,0.301658629694008,"rey_copia",0.346211560605542,0.622811823865802
"edad",0.0781607239647471,0.0774702560404219,-0.107523793648887,0.263845241578381,0.0933407658353664,0.837369645140969,0.404818776090797,"flu_fon_total",0.544447886762444,1.32898844923771
"educacion",1.5214627087564,0.522881664660405,0.950172253060082,2.09275316445272,0.287178970731885,5.29796003126171,9.65241208736676e-07,"flu_fon_total",0.544447886762444,1.32898844923771
"generoFemale",-5.61069666962065,-0.227841921804356,-9.30513280070413,-1.91626053853717,1.85713651432542,-3.02115467890559,0.00335783834268003,"flu_fon_total",0.544447886762444,1.32898844923771
"dom_L1L2",-2.0682389972424,-0.208556907044576,-3.77745625161325,-0.35902174287156,0.859197360945093,-2.40717568658195,0.0183221497455075,"flu_fon_total",0.544447886762444,1.32898844923771
"acculturation_mean",2.4383288845503,0.122425382669185,-1.35872629135827,6.23538406045888,1.90872153797935,1.27746705636885,0.205042454044057,"flu_fon_total",0.544447886762444,1.32898844923771
"edad",-0.0809072591085782,-0.119956134567393,-0.21140407922534,0.0495895610081836,0.0655987547336808,-1.23336577709512,0.220963160636098,"flu_sem_total",0.496541533946483,1.1073746521194
"educacion",0.857491392690742,0.440819123065242,0.455995410206355,1.25898737517513,0.201825887082812,4.24866901409383,5.64726380845358e-05,"flu_sem_total",0.496541533946483,1.1073746521194
"generoFemale",-2.22860895132656,-0.135375249964037,-4.82501372123866,0.367795818585544,1.30517295010276,-1.70752002725087,0.0915092032844224,"flu_sem_total",0.496541533946483,1.1073746521194
"dom_L1L2",-1.15909581479336,-0.174836356944066,-2.36031290844577,0.0421212788590382,0.603833453090306,-1.91956210584447,0.0583911845612732,"flu_sem_total",0.496541533946483,1.1073746521194
"acculturation_mean",1.40269594264056,0.105349210074355,-1.26582824360844,4.07122012888956,1.34142627719217,1.04567501508666,0.298783802851852,"flu_sem_total",0.496541533946483,1.1073746521194
"edad",-0.0393518322891215,-0.0902556573829682,-0.1120568374273,0.0333531728490572,0.0365476936196837,-1.0767254617656,0.28476053892197,"bta_total",0.626025998414594,1.83703039585172
"educacion",0.733683008069661,0.583463400953489,0.50999351553362,0.957372500605703,0.112445285212651,6.52480009884056,5.26481734804343e-09,"bta_total",0.626025998414594,1.83703039585172
"generoFemale",0.0313912909321266,0.00294977627418041,-1.41516979744036,1.47795237930461,0.727164125214146,0.0431694714351895,0.965671388484195,"bta_total",0.626025998414594,1.83703039585172
"dom_L1L2",-0.901728199057386,-0.210408152632444,-1.57097435300906,-0.232482045105714,0.336419801419329,-2.68036600477458,0.00888738126829829,"bta_total",0.626025998414594,1.83703039585172
"acculturation_mean",0.597145939942006,0.0693781520493827,-0.889595763794479,2.08388764367849,0.747362305751826,0.799004626465999,0.426596013901734,"bta_total",0.626025998414594,1.83703039585172
"edad",0.0476282444461636,0.0506619292360464,-0.129880262686587,0.225136751578914,0.0892308104682118,0.533764561772427,0.594948432012288,"sdmt_correct",0.520524428577744,1.21278345132152
"educacion",1.86140641753311,0.686521337516561,1.31527086873711,2.40754196632911,0.274533983929706,6.78024043103427,1.70582723343467e-09,"sdmt_correct",0.520524428577744,1.21278345132152
"generoFemale",1.61979346340137,0.0705906562238961,-1.91197025472658,5.15155718152931,1.7753635813922,0.912372812182599,0.364247117180458,"sdmt_correct",0.520524428577744,1.21278345132152
"dom_L1L2",-1.05784616461874,-0.114476700312182,-2.69180362692161,0.576111297684137,0.821365415026739,-1.28791174459701,0.201399402134176,"sdmt_correct",0.520524428577744,1.21278345132152
"acculturation_mean",1.05557923638947,0.056877533882995,-2.57428503252427,4.6854435053032,1.8246772272303,0.578501896465132,0.564510865693566,"sdmt_correct",0.520524428577744,1.21278345132152
"edad",-0.569364710555972,-0.150200387092397,-1.37375914339947,0.235029722287524,0.404356773307008,-1.40807511618875,0.162888866612237,"tmt_a_inv",0.394390099060549,0.751912589457771
"educacion",5.73119278571226,0.524229198390284,3.25633452609718,8.20605104532734,1.24407337916628,4.60679641706749,1.48144768665156e-05,"tmt_a_inv",0.394390099060549,0.751912589457771
"generoFemale",-9.55906589458978,-0.103315715693548,-25.5635443213965,6.44541253221695,8.0452064197519,-1.18816912778287,0.238196757080144,"tmt_a_inv",0.394390099060549,0.751912589457771
"dom_L1L2",-1.37083183157626,-0.0367910449899663,-8.77524476597485,6.03358110282233,3.72208508679299,-0.368296747551623,0.713601058626009,"tmt_a_inv",0.394390099060549,0.751912589457771
"acculturation_mean",-1.51964197240523,-0.0203074108400269,-17.968671131938,14.9293871871276,8.2686752709981,-0.183783003032577,0.85463739734749,"tmt_a_inv",0.394390099060549,0.751912589457771
"edad",-0.0439682337716573,-0.00366209275541612,-2.71274483533966,2.62480836779635,1.34155316251081,-0.0327741270344947,0.973934355531713,"tmt_b_inv",0.335493972069086,0.596638051666257
"educacion",19.0016951159611,0.548754820813879,10.790743441283,27.2126467906392,4.12751977063792,4.6036593818724,1.49928323481049e-05,"tmt_b_inv",0.335493972069086,0.596638051666257
"generoFemale",-22.2590203046065,-0.0759568232262142,-75.3578183591573,30.8397777499443,26.6919533143959,-0.833922495009066,0.40674737508079,"tmt_b_inv",0.335493972069086,0.596638051666257
"dom_L1L2",-4.00019268056886,-0.0338960169238887,-28.5661558210859,20.5657704599482,12.348933785586,-0.323930207257082,0.746815655190536,"tmt_b_inv",0.335493972069086,0.596638051666257
"acculturation_mean",10.2779914398278,0.0433642001787127,-44.2957131347934,64.851696014449,27.4333662544096,0.374652944320156,0.70888577445718,"tmt_b_inv",0.335493972069086,0.596638051666257
"edad",-0.023155037276254,-0.165864827252811,-0.0518397592090435,0.00552968465653555,0.0144193708091068,-1.60582854708404,0.11215603876634,"wcst_cat",0.43217728331856,0.86849799873598
"educacion",0.183503549764764,0.455773393649618,0.0952500535922737,0.271757045937254,0.0443636821543164,4.13634623759267,8.48778165882012e-05,"wcst_cat",0.43217728331856,0.86849799873598
"generoFemale",-0.0165985735877451,-0.004871357597859,-0.587318601732942,0.554121454557452,0.286892225530079,-0.0578564774875883,0.954003707486305,"wcst_cat",0.43217728331856,0.86849799873598
"dom_L1L2",-0.180487872956355,-0.131532865052319,-0.444529389688355,0.0835536437756448,0.13272963034742,-1.35981598444845,0.177615404450122,"wcst_cat",0.43217728331856,0.86849799873598
"acculturation_mean",0.174759926922881,0.0634137505012716,-0.411812789446659,0.76133264329242,0.294861129337602,0.592685537478183,0.55502261134511,"wcst_cat",0.43217728331856,0.86849799873598
"edad",-0.131087970354368,-0.147463211196654,-0.302625818409276,0.0404498777005391,0.086229451507163,-1.52022270886739,0.13230173322734,"stroop_pc_calc",0.499210225330731,1.11860477873532
"educacion",1.05868742773017,0.412937464106531,0.5309216417406,1.58645321371974,0.265299785243666,3.99053254701211,0.000142721652839073,"stroop_pc_calc",0.499210225330731,1.11860477873532
"generoFemale",-2.62544317445552,-0.121002375823074,-6.03841282775216,0.787526478841119,1.71564762267602,-1.53029278259392,0.129793107677195,"stroop_pc_calc",0.499210225330731,1.11860477873532
"dom_L1L2",-0.819155324770091,-0.0937485465519455,-2.39815315098177,0.759842501441588,0.793738046904107,-1.03202224961386,0.305095988735891,"stroop_pc_calc",0.499210225330731,1.11860477873532
"acculturation_mean",3.46826906404102,0.197636156175094,-0.039501439347903,6.97603956742994,1.76330255946439,1.96691659376626,0.0525749519984982,"stroop_pc_calc",0.499210225330731,1.11860477873532
